{"advknow":{"absolutes":[3.7272727273,4.6666666667,5.164021164,5.3018867925,5.6202090592],"cohorts":[],"current":{"percentage":{"0":27.7777777778,"1":72.2222222222,"2":38.8888888889,"3":16.6666666667,"4":5.5555555556,"5":94.4444444444,"6":61.1111111111,"7":83.3333333333,"8":50.0},"name":"2014","value":{"0":4.6666666667,"1":5.3018867925,"2":5.0304878049,"3":4.619047619,"4":3.7272727273,"5":5.6202090592,"6":5.2222222222,"7":5.4468085106,"8":5.164021164}},"past_results":[],"segmentations":[],"type":"percentileChart"},"comimp":{"absolutes":[4.7705627706,5.7307692308,5.7875647668,6.2045454545,6.5151515152],"cohorts":[],"current":{"percentage":{"0":94.4444444444,"1":16.6666666667,"2":50.0,"3":72.2222222222,"4":27.7777777778,"5":5.5555555556,"6":61.1111111111,"7":83.3333333333,"8":38.8888888889},"name":"2014","value":{"0":6.5151515152,"1":5.4745762712,"2":5.7875647668,"3":6.2045454545,"4":5.7307692308,"5":4.7705627706,"6":5.8947368421,"7":6.2884615385,"8":5.7445652174}},"past_results":[],"segmentations":[],"type":"percentileChart"},"fldimp":{"absolutes":[5.0,5.758974359,5.7894736842,5.8506493506,6.0727272727],"cohorts":[],"current":{"percentage":{"0":61.1111111111,"1":38.8888888889,"2":27.7777777778,"3":16.6666666667,"4":5.5555555556,"5":72.2222222222,"6":83.3333333333,"7":94.4444444444,"8":50.0},"name":"2014","value":{"0":5.8064516129,"1":5.7741935484,"2":5.758974359,"3":5.2093023256,"4":5.0,"5":5.8506493506,"6":5.8918918919,"7":6.0727272727,"8":5.7894736842}},"past_results":[],"segmentations":[],"type":"percentileChart"},"impsust":{"absolutes":[4.8,5.1929824561,5.3467336683,5.4523809524,5.8709677419],"cohorts":[],"current":{"percentage":{"0":94.4444444444,"1":27.7777777778,"2":61.1111111111,"3":16.6666666667,"4":5.5555555556,"5":72.2222222222,"6":38.8888888889,"7":83.3333333333,"8":50.0},"name":"2014","value":{"0":5.8709677419,"1":5.1929824561,"2":5.4010416667,"3":5.0952380952,"4":4.8,"5":5.4523809524,"6":5.2972972973,"7":5.82,"8":5.3467336683}},"past_results":[],"segmentations":[],"type":"percentileChart"},"orgimp":{"absolutes":[5.7333333333,5.9428571429,6.1315789474,6.1764705882,6.2727272727],"cohorts":[],"current":{"percentage":{"0":94.4444444444,"1":27.7777777778,"2":72.2222222222,"3":5.5555555556,"4":16.6666666667,"5":61.1111111111,"6":50.0,"7":38.8888888889,"8":83.3333333333},"name":"2014","value":{"0":6.2727272727,"1":5.9428571429,"2":6.1764705882,"3":5.7333333333,"4":5.7884615385,"5":6.1496815287,"6":6.1315789474,"7":6.0727272727,"8":6.2533936652}},"past_results":[],"segmentations":[],"type":"percentileChart"},"pubpol":{"absolutes":[3.3947368421,4.2916666667,4.6827586207,4.95,5.2222222222],"cohorts":[],"current":{"percentage":{"0":27.7777777778,"1":94.4444444444,"2":50.0,"3":16.6666666667,"4":5.5555555556,"5":83.3333333333,"6":38.8888888889,"7":72.2222222222,"8":61.1111111111},"name":"2014","value":{"0":4.2916666667,"1":5.2222222222,"2":4.6827586207,"3":4.1351351351,"4":3.3947368421,"5":4.9874476987,"6":4.5151515152,"7":4.95,"8":4.875}},"past_results":[],"segmentations":[],"type":"percentileChart"},"undrfld":{"absolutes":[4.568627451,5.5161290323,5.696969697,5.7392739274,6.1851851852],"cohorts":[],"current":{"percentage":{"0":27.7777777778,"1":83.3333333333,"2":50.0,"3":16.6666666667,"4":5.5555555556,"5":72.2222222222,"6":38.8888888889,"7":94.4444444444,"8":61.1111111111},"name":"2014","value":{"0":5.5161290323,"1":5.828125,"2":5.696969697,"3":5.3636363636,"4":4.568627451,"5":5.7392739274,"6":5.6756756757,"7":6.1851851852,"8":5.719047619}},"past_results":[],"segmentations":[],"type":"percentileChart"},"undrsoc":{"absolutes":[4.9423076923,5.6842105263,5.82,5.9285714286,6.1818181818],"cohorts":[],"current":{"percentage":{"0":83.3333333333,"1":38.8888888889,"2":50.0,"3":72.2222222222,"4":5.5555555556,"5":16.6666666667,"6":27.7777777778,"7":94.4444444444,"8":61.1111111111},"name":"2014","value":{"0":6.0606060606,"1":5.7424242424,"2":5.82,"3":5.9285714286,"4":4.9423076923,"5":5.5036231884,"6":5.6842105263,"7":6.1818181818,"8":5.8894009217}},"past_results":[],"segmentations":[],"type":"percentileChart"},"undrwr":{"absolutes":[5.1703056769,5.6956521739,5.7823834197,6.0,6.5806451613],"cohorts":[],"current":{"percentage":{"0":94.4444444444,"1":16.6666666667,"2":50.0,"3":72.2222222222,"4":38.8888888889,"5":5.5555555556,"6":61.1111111111,"7":83.3333333333,"8":27.7777777778},"name":"2014","value":{"0":6.5806451613,"1":5.350877193,"2":5.7823834197,"3":6.0,"4":5.7547169811,"5":5.1703056769,"6":5.9189189189,"7":6.3773584906,"8":5.6956521739}},"past_results":[],"segmentations":[],"type":"percentileChart"}}